class_name,total,train,validation,test
Pepper__bell___Bacterial_spot,264,185,39,40
Pepper__bell___healthy,54,38,8,8
Potato___Early_blight,282,197,42,43
Potato___Late_blight,334,234,50,50
Potato___healthy,152,107,23,22
Tomato_Bacterial_spot,294,206,44,44
Tomato_Early_blight,364,255,55,54
Tomato_Late_blight,336,235,50,51
Tomato_Leaf_Mold,268,188,40,40
Tomato_Septoria_leaf_spot,342,239,52,51
Tomato_Spider_mites_Two_spotted_spider_mite,216,151,32,33
Tomato__Target_Spot,246,172,37,37
Tomato__Tomato_YellowLeaf__Curl_Virus,402,281,61,60
Tomato__Tomato_mosaic_virus,312,218,47,47
Tomato_healthy,306,214,46,46
