stage,epoch,learning_rate,duration_seconds,loss,accuracy,val_loss,val_accuracy
feature_extraction,1,9.999999747378752e-05,126.42330066699651,2.8228561878204346,0.13039013743400574,2.2482564449310303,0.2815999984741211
feature_extraction,2,9.999999747378752e-05,137.29742641700068,2.2122793197631836,0.269336074590683,1.7580333948135376,0.5008000135421753
feature_extraction,3,9.999999747378752e-05,139.9609455409991,1.8117069005966187,0.42505133152008057,1.4486197233200073,0.6015999913215637
feature_extraction,4,9.999999747378752e-05,138.33448916699854,1.5284641981124878,0.5465434789657593,1.2423433065414429,0.6832000017166138
feature_extraction,5,9.999999747378752e-05,143.24131108300207,1.3390036821365356,0.6026694178581238,1.103161334991455,0.7039999961853027
feature_extraction,6,9.999999747378752e-05,180.28469904200028,1.1929676532745361,0.6546885967254639,1.0039746761322021,0.7200000286102295
feature_extraction,7,9.999999747378752e-05,167.0837138329989,1.0995498895645142,0.6844627261161804,0.9221062660217285,0.7408000230789185
feature_extraction,8,9.999999747378752e-05,190.72160295899812,1.006795883178711,0.7077344059944153,0.8626817464828491,0.7487999796867371
feature_extraction,9,9.999999747378752e-05,187.70906312499937,0.9191929697990417,0.739561915397644,0.8108383417129517,0.7631999850273132
feature_extraction,10,9.999999747378752e-05,173.78291245799846,0.8700818419456482,0.7426420450210571,0.7649194598197937,0.774399995803833
feature_extraction,11,9.999999747378752e-05,192.18349095899976,0.8197512626647949,0.7686516046524048,0.7370445132255554,0.7871999740600586
feature_extraction,12,9.999999747378752e-05,184.23958141700132,0.7699746489524841,0.7741273045539856,0.7091105580329895,0.7904000282287598
feature_extraction,13,9.999999747378752e-05,185.83940916699794,0.73844975233078,0.7963723540306091,0.6783072352409363,0.7936000227928162
feature_extraction,14,9.999999747378752e-05,203.58513720799965,0.7005938291549683,0.7987679839134216,0.659984827041626,0.800000011920929
feature_extraction,15,9.999999747378752e-05,191.75389708399962,0.6879252791404724,0.798083484172821,0.6411815881729126,0.8080000281333923
feature_extraction,16,9.999999747378752e-05,199.29034570799922,0.6450734734535217,0.8162217736244202,0.6130350232124329,0.8159999847412109
fine_tuning,1,9.999999747378752e-06,198.84417916700113,0.6221275925636292,0.8275154232978821,0.6101417541503906,0.8159999847412109
fine_tuning,2,9.999999747378752e-06,179.05565404200024,0.6265990734100342,0.8240931034088135,0.6099167466163635,0.8144000172615051
